x,y,yaw
0.0,0.0,0.0
0.2038145214319229,0.0,0.0
0.40408942103385925,0.0,0.0
0.6084484457969666,0.0,0.0
0.8133613467216492,0.0,0.0
1.018349528312683,0.0,0.0
1.2233484983444214,0.0,0.0
1.4283483028411865,0.0,0.0
1.6333481073379517,0.0,0.0
1.8383479118347168,0.0,0.0
2.03834867477417,0.0,0.0
2.2383532524108887,0.0,0.0
2.4383578300476074,0.0,0.0
2.638362407684326,0.0,0.0
2.838366985321045,0.0,0.0
3.0383715629577637,0.0,0.0
3.2383761405944824,0.0,0.0
3.438380718231201,0.0,0.0
3.63838529586792,0.0,0.0
3.8383898735046387,0.0,0.0
4.038394451141357,0.0,0.0
4.238399028778076,0.0,0.0
4.438403606414795,0.0,0.0
4.638408184051514,0.0,0.0
4.838412761688232,0.0,0.0
5.038417339324951,0.0,0.0
5.23842191696167,0.0,0.0
5.438426494598389,0.0,0.0
5.638431072235107,0.0,0.0
5.838435649871826,0.0,0.0
6.038440227508545,0.0,0.0
6.238444805145264,0.0,0.0
6.438449382781982,0.0,0.0
6.638453960418701,0.0,0.0
6.83845853805542,0.0,0.0
7.038463115692139,0.0,0.0
7.238467693328857,0.0,0.0
7.438472270965576,0.0,0.0
7.638476848602295,0.0,0.0
7.838481426239014,0.0,0.0
8.038485527038574,0.0,0.0
8.238490104675293,0.0,0.0
8.438494682312012,0.0,0.0
8.64340591430664,0.0021838583052158356,0.011930971406400204
8.840824127197266,0.05613366514444351,0.20265674591064456
9.02420425415039,0.14705106616020203,0.3949037790298462
9.186837196350098,0.271330863237381,0.5871512293815613
9.322728157043457,0.4243948459625244,0.7793993353843689
9.42686939239502,0.600602388381958,0.9716474413871766
9.495424270629883,0.7934617400169373,1.1638954877853394
9.52586555480957,0.9958667755126953,1.3561435937881468
9.53050708770752,1.2005984783172607,1.483777165412903
9.54833698272705,1.4048211574554443,1.483777165412903
9.566166877746582,1.609043836593628,1.483777165412903
9.583996772766113,1.8132665157318115,1.483777165412903
9.601826667785645,2.017489194869995,1.483777165412903
9.619656562805176,2.2217118740081787,1.483777165412903
9.637486457824707,2.4259345531463623,1.483777165412903
9.655316352844238,2.630157232284546,1.483777165412903
9.67314624786377,2.8343799114227295,1.483777165412903
9.6909761428833,3.038602590560913,1.483777165412903
9.708806037902832,3.2428252696990967,1.483777165412903
9.726635932922363,3.4470479488372803,1.483777165412903
9.744465827941895,3.651270627975464,1.483777165412903
9.762295722961426,3.8554933071136475,1.483777165412903
9.780125617980957,4.05971622467041,1.483777165412903
9.797955513000488,4.263938903808594,1.483777165412903
9.81578540802002,4.468161582946777,1.483777165412903
9.83361530303955,4.672384262084961,1.483777165412903
9.851445198059082,4.8766069412231445,1.483777165412903
9.869275093078613,5.080829620361328,1.483777165412903
9.887104988098145,5.285052299499512,1.483777165412903
9.89204216003418,5.489441394805908,1.5418648719787595
9.897866249084473,5.69434928894043,1.5421072244644165
9.896246910095215,5.8989033699035645,1.5806502103805544
9.863533973693848,6.100996494293213,1.6754609346389768
9.842106819152832,6.304867267608643,1.6754609346389768
9.820679664611816,6.508738040924072,1.6754609346389768
9.7992525100708,6.712608814239502,1.6754609346389768
9.777825355529785,6.916479587554932,1.6754609346389768
9.75639820098877,7.120350360870361,1.6754609346389768
9.734971046447754,7.324221134185791,1.6754609346389768
9.713543891906738,7.528091907501221,1.6754609346389768
9.664928436279297,7.726067543029785,1.793716549873352
9.57031536102295,7.907568454742432,1.9859646558761594
9.442768096923828,8.067647933959961,2.1782126426696777
9.286982536315918,8.200407028198242,2.3704607486724854
9.108701705932617,8.300958633422852,2.562708854675293
8.9144926071167,8.365593910217285,2.7549569606781006
8.711966514587402,8.396124839782715,2.9247913360595703
8.511771202087402,8.440230369567871,2.9247913360595703
8.310522079467773,8.476911544799805,2.963334321975708
8.105751037597656,8.475239753723145,3.0862789154052734
7.9060516357421875,8.486302375793457,3.0862789154052734
7.706352233886719,8.49736499786377,3.0862789154052734
7.50665283203125,8.508427619934082,3.0862789154052734
7.306953430175781,8.519490242004395,3.0862789154052734
7.1072540283203125,8.530552864074707,3.0862789154052734
6.907554626464844,8.54161548614502,3.0862789154052734
6.707855224609375,8.552678108215332,3.0862789154052734
6.508155822753906,8.563740730285645,3.0862789154052734
6.3084564208984375,8.574803352355957,3.0862789154052734
6.108757019042969,8.58586597442627,3.0862789154052734
5.9090576171875,8.596928596496582,3.0862789154052734
5.709358215332031,8.607991218566895,3.0862789154052734
5.5096588134765625,8.619053840637207,3.0862789154052734
5.309959411621094,8.63011646270752,3.0862789154052734
5.110260009765625,8.641179084777832,3.0862789154052734
4.910560607910156,8.652241706848145,3.0862789154052734
4.7108612060546875,8.663304328918457,3.0862789154052734
4.511161804199219,8.67436695098877,3.0862789154052734
4.31146240234375,8.685429573059082,3.0862789154052734
4.111763000488281,8.696492195129395,3.0862789154052734
3.9120678901672363,8.707554817199707,3.0862789154052734
3.707385778427124,8.718894004821777,3.0862789154052734
3.5027036666870117,8.730233192443848,3.0862789154052734
3.2980215549468994,8.741572380065918,3.0862789154052734
3.093825578689575,8.73901081085205,-3.1302294731140137
2.8891639709472656,8.72954273223877,-3.1104423999786377
2.6842668056488037,8.723169326782227,-3.1104423999786377
2.479369640350342,8.716795921325684,-3.1104423999786377
2.27447247505188,8.71042251586914,-3.1104423999786377
2.069575309753418,8.704049110412598,-3.1104423999786377
1.8646748065948486,8.697675704956055,-3.1104423999786377
1.6647703647613525,8.691457748413086,-3.1104423999786377
1.4648659229278564,8.685239791870117,-3.1104423999786377
1.2649614810943604,8.679021835327148,-3.1104423999786377
1.0650570392608643,8.67280387878418,-3.1104423999786377
0.8601566553115845,8.666430473327637,-3.1104423999786377
0.6552570462226868,8.660057067871094,-3.1104423999786377
0.4503571391105652,8.65368366241455,-3.1104423999786377
0.24620667099952698,8.665337562561035,3.105034828186035
0.046340376138687134,8.672661781311035,3.105034828186035
-0.15352588891983032,8.679986000061035,3.105034828186035
-0.35339218378067017,8.687310218811035,3.105034828186035
-0.5580203533172607,8.688305854797363,3.1388888359069824
-0.7627004384994507,8.680058479309082,-3.1198203563690186
-0.9676513671875,8.6756010055542,-3.1198203563690186
-1.1726022958755493,8.671143531799316,-3.1198203563690186
-1.3775532245635986,8.666686058044434,-3.1198203563690186
-1.582504153251648,8.66222858428955,-3.1198203563690186
-1.7874550819396973,8.657771110534668,-3.1198203563690186
-1.9924060106277466,8.653313636779785,-3.1198203563690186
-2.1923627853393555,8.648964881896973,-3.1198203563690186
-2.392319679260254,8.64461612701416,-3.1198203563690186
-2.5922765731811523,8.640267372131348,-3.1198203563690186
-2.792233467102051,8.635918617248535,-3.1198203563690186
-2.992190361022949,8.631569862365723,-3.1198203563690186
-3.1921472549438477,8.62722110748291,-3.1198203563690186
-3.392104148864746,8.622872352600098,-3.1198203563690186
-3.5920610427856445,8.618523597717285,-3.1198203563690186
-3.792017936706543,8.614174842834473,-3.1198203563690186
-3.9919748306274414,8.60982608795166,-3.1198203563690186
-4.196921348571777,8.605368614196777,-3.1198203563690186
-4.401867389678955,8.600911140441895,-3.1198203563690186
-4.606813430786133,8.596453666687012,-3.1198203563690186
-4.8117594718933105,8.591996192932129,-3.1198203563690186
-5.016705513000488,8.587538719177246,-3.1198203563690186
-5.221651554107666,8.583081245422363,-3.1198203563690186
-5.426597595214844,8.57862377166748,-3.1198203563690186
-5.6315436363220215,8.574166297912598,-3.1198203563690186
-5.836489677429199,8.569708824157715,-3.1198203563690186
-6.041435718536377,8.565251350402832,-3.1198203563690186
-6.246381759643555,8.56079387664795,-3.1198203563690186
-6.451327800750732,8.556336402893066,-3.1198203563690186
-6.65627384185791,8.551878929138184,-3.1198203563690186
-6.861219882965088,8.5474214553833,-3.1198203563690186
-7.066165924072266,8.542963981628418,-3.1198203563690186
-7.271111965179443,8.538506507873535,-3.1198203563690186
-7.476058006286621,8.534049034118652,-3.1198203563690186
-7.681004047393799,8.52959156036377,-3.1198203563690186
-7.885950088500977,8.525134086608887,-3.1198203563690186
-8.085906028747559,8.520785331726074,-3.1198203563690186
-8.285872459411621,8.516436576843262,-3.1198203563690186
-8.485838890075684,8.51208782196045,-3.1198203563690186
-8.685805320739746,8.507739067077637,-3.1198203563690186
-8.885771751403809,8.503390312194824,-3.1198203563690186
-9.085738182067871,8.499041557312012,-3.1198203563690186
-9.285704612731934,8.4946928024292,-3.1198203563690186
-9.485671043395996,8.490344047546387,-3.1198203563690186
-9.685637474060059,8.485995292663574,-3.1198203563690186
-9.885603904724121,8.481646537780762,-3.1198203563690186
-10.085570335388184,8.47729778289795,-3.1198203563690186
-10.285536766052246,8.472949028015137,-3.1198203563690186
-10.485503196716309,8.468600273132324,-3.1198203563690186
-10.685469627380371,8.464251518249512,-3.1198203563690186
-10.885436058044434,8.4599027633667,-3.1198203563690186
-11.085402488708496,8.455554008483887,-3.1198203563690186
-11.285368919372559,8.451205253601074,-3.1198203563690186
-11.485335350036621,8.446856498718262,-3.1198203563690186
-11.685301780700684,8.44250774383545,-3.1198203563690186
-11.885268211364746,8.438158988952637,-3.1198203563690186
-12.085234642028809,8.433810234069824,-3.1198203563690186
-12.285201072692871,8.429461479187012,-3.1198203563690186
-12.485167503356934,8.4251127243042,-3.1198203563690186
-12.685132026672363,8.420722007751465,-3.1195781230926514
-12.883233070373535,8.370594024658203,-2.9452970027923584
-13.06718921661377,8.280844688415527,-2.753048896789551
-13.230607986450195,8.157601356506348,-2.560800790786743
-13.367467880249023,8.005404472351074,-2.3685526847839355
-13.472726821899414,7.829862594604492,-2.176304578781128
-13.54250717163086,7.637442111968994,-1.98405647277832
-13.574234008789062,7.43523645401001,-1.791808366775513
-13.56674861907959,7.2306904792785645,-1.599560260772705
-13.53236198425293,7.028804302215576,-1.4672377109527588
-13.511686325073242,6.829867839813232,-1.4672377109527588
-13.491010665893555,6.630931377410889,-1.4672377109527588
-13.470335006713867,6.431994915008545,-1.4672377109527588
-13.44965934753418,6.233058452606201,-1.4672377109527588
-13.442154884338379,6.028864860534668,-1.5310629606246948
-13.435443878173828,5.823987007141113,-1.5349457263946535
-13.428092956542969,5.619119167327881,-1.5349457263946535
-13.43813705444336,5.415297985076904,-1.615689516067505
-13.490406036376953,5.217268943786621,-1.7620790004730225
-13.528438568115234,5.020907402038574,-1.7620790004730225
-13.566471099853516,4.824545860290527,-1.7620790004730225
-13.604503631591797,4.6281843185424805,-1.7620790004730225
-13.642536163330078,4.431822776794434,-1.7620790004730225
-13.68056869506836,4.235461235046387,-1.7620790004730225
-13.71860122680664,4.03909969329834,-1.7620790004730225
-13.756633758544922,3.8427460193634033,-1.7620790004730225
-13.820886611938477,3.649268627166748,-1.8756456375122068
-13.91093921661377,3.465412139892578,-1.9704563617706299
-13.965377807617188,3.268946886062622,-1.8568897247314453
-13.971208572387695,3.0643489360809326,-1.6646416187286375
-13.953432083129883,2.8603549003601074,-1.5463860034942625
-13.948427200317383,2.655418634414673,-1.5463860034942625
-13.943422317504883,2.4504823684692383,-1.5463860034942625
-13.938417434692383,2.2455461025238037,-1.5463860034942625
-13.933412551879883,2.040609836578369,-1.5463860034942625
-13.928529739379883,1.8406682014465332,-1.5463860034942625
-13.923646926879883,1.6407256126403809,-1.5463860034942625
-13.918764114379883,1.4407830238342285,-1.5463860034942625
-13.913881301879883,1.2408404350280762,-1.5463860034942625
-13.908998489379883,1.0408978462219238,-1.5463860034942625
-13.867755889892578,0.8411586284637451,-1.3999965190887451
-13.782727241516113,0.6549749970436096,-1.2077484130859375
-13.663689613342285,0.48846733570098877,-1.0155003070831299
-13.515031814575195,0.34777146577835083,-0.8232522010803223
-13.342232704162598,0.23807069659233093,-0.6310040950775148
-13.151653289794922,0.16340790688991547,-0.4387564063072204
-12.9503173828125,0.12653303146362305,-0.24650950729846957
-12.74666976928711,0.10563129931688309,-0.15638786554336548
-12.54910659790039,0.07448101788759232,-0.15638786554336548
-12.351543426513672,0.043330736458301544,-0.15638786554336548
-12.153980255126953,0.012180501595139503,-0.15638786554336548
-11.951386451721191,-0.019062869250774384,-0.15250511467456815
-11.74770450592041,-0.00035972558544017375,0.03220198303461075
-11.544300079345703,0.02291182242333889,0.0801229476928711
-11.339960098266602,0.03931943327188492,0.0801229476928711
-11.1356201171875,0.0557270422577858,0.0801229476928711
-10.931280136108398,0.07213465124368668,0.0801229476928711
-10.726850509643555,0.0856579840183258,0.06451576203107834
-10.52319622039795,0.06448633223772049,-0.04385273903608322
-10.323382377624512,0.05571860447525978,-0.04385273903608322
-10.125422477722168,0.005993348080664873,-0.20430880784988406
-9.92636775970459,-0.04255269840359688,-0.2240960001945496
-9.73136043548584,-0.08699773252010345,-0.2240960001945496
-9.528395652770996,-0.106554314494133,-0.11205125600099564
-9.324287414550781,-0.12514014542102814,-0.10012028366327286
-9.125274658203125,-0.1451309472322464,-0.10012028366327286
-8.920825004577637,-0.147914856672287,-0.03241213783621788
-8.715937614440918,-0.15455830097198486,-0.03241213783621788
-8.5110502243042,-0.16120174527168274,-0.03241213783621788
-8.30616283416748,-0.16784518957138062,-0.03241213783621788
-8.101275444030762,-0.1744886338710785,-0.03241213783621788
-7.896388053894043,-0.18113207817077637,-0.03241213783621788
-7.691500663757324,-0.18777552247047424,-0.03241213783621788
-7.4866132736206055,-0.19441896677017212,-0.03241213783621788
-7.281725883483887,-0.20106241106987,-0.03241213783621788
-7.076838493347168,-0.20770585536956787,-0.03241213783621788
-6.871951103210449,-0.21434929966926575,-0.03241213783621788
-6.6670637130737305,-0.22099274396896362,-0.03241213783621788
-6.462176322937012,-0.2276361882686615,-0.03241213783621788
-6.257288932800293,-0.23427963256835938,-0.03241213783621788
-6.052401542663574,-0.24092307686805725,-0.03241213783621788
-5.8475141525268555,-0.24756652116775513,-0.03241213783621788
-5.642626762390137,-0.254209965467453,-0.03241213783621788
-5.437739372253418,-0.2608534097671509,-0.03241213783621788
-5.232851982116699,-0.26749685406684875,-0.03241213783621788
-5.0279645919799805,-0.27414029836654663,-0.03241213783621788
